<?xml version="1.0" encoding="UTF-8"?>
<song locked = "false">
    <platform>
        <note>6C</note>
        <duration>500</duration>
        <position>1</position>
        <passTime>1000</passTime>
        <pauseTime>2000</pauseTime>
    </platform>
    <platform>
        <note>6C#</note>
        <duration>500</duration>
        <position>4</position>
        <passTime>1000</passTime>
        <pauseTime>2000</pauseTime>
    </platform>
    <platform>
        <note>6D</note>
        <duration>500</duration>
        <position>2</position>
        <passTime>1000</passTime>
        <pauseTime>2000</pauseTime>
    </platform>
    <platform>
        <note>6D#</note>
        <duration>500</duration>
        <position>3</position>
        <passTime>1000</passTime>
        <pauseTime>2000</pauseTime>
    </platform>
</song>